timestamp, clocks.current.sm [MHz], clocks.current.memory [MHz], power.draw [W], temperature.gpu, utilization.gpu [%]
2026/09/30 11:07:20.951, 2405, [N/A], 28.83, 46, 96
2026/09/30 11:07:21.957, 2405, [N/A], 12.72, 46, 1
2026/09/30 11:07:22.957, 2405, [N/A], 12.24, 45, 2
2026/09/30 11:07:23.958, 2405, [N/A], 12.25, 45, 2
2026/09/30 11:07:24.959, 2522, [N/A], 61.73, 54, 93
2026/09/30 11:07:25.959, 2522, [N/A], 62.24, 55, 93
2026/09/30 11:07:26.960, 2515, [N/A], 64.89, 56, 92
2026/09/30 11:07:27.960, 2515, [N/A], 64.36, 56, 94
2026/09/30 11:07:28.961, 2522, [N/A], 61.27, 56, 94
2026/09/30 11:07:29.961, 2515, [N/A], 61.99, 58, 96
2026/09/30 11:07:30.962, 2522, [N/A], 61.46, 58, 96
2026/09/30 11:07:31.962, 2509, [N/A], 62.89, 58, 96
2026/09/30 11:07:32.963, 2509, [N/A], 59.66, 57, 96
2026/09/30 11:07:33.963, 2509, [N/A], 61.90, 58, 96
2026/09/30 11:07:34.964, 2515, [N/A], 60.65, 59, 96
